<?xml version="1.0" encoding="UTF-8"?>

<mule xmlns:context="http://www.springframework.org/schema/context"
	xmlns:file="http://www.mulesoft.org/schema/mule/file" xmlns:ee="http://www.mulesoft.org/schema/mule/ee/core"
	xmlns="http://www.mulesoft.org/schema/mule/core" xmlns:json="http://www.mulesoft.org/schema/mule/json"
	xmlns:http="http://www.mulesoft.org/schema/mule/http" xmlns:db="http://www.mulesoft.org/schema/mule/db"
	xmlns:apikit="http://www.mulesoft.org/schema/mule/apikit" xmlns:doc="http://www.mulesoft.org/schema/mule/documentation"
	xmlns:spring="http://www.springframework.org/schema/beans" xmlns:core="http://www.mulesoft.org/schema/mule/core"
	xmlns:xsi="http://www.w3.org/2001/XMLSchema-instance"
	xsi:schemaLocation="
http://www.springframework.org/schema/context http://www.springframework.org/schema/context/spring-context-current.xsd http://www.mulesoft.org/schema/mule/json http://www.mulesoft.org/schema/mule/json/current/mule-json.xsd
http://www.mulesoft.org/schema/mule/http http://www.mulesoft.org/schema/mule/http/current/mule-http.xsd
http://www.mulesoft.org/schema/mule/db http://www.mulesoft.org/schema/mule/db/current/mule-db.xsd
http://www.mulesoft.org/schema/mule/apikit http://www.mulesoft.org/schema/mule/apikit/current/mule-apikit.xsd
http://www.springframework.org/schema/beans http://www.springframework.org/schema/beans/spring-beans-current.xsd
http://www.mulesoft.org/schema/mule/core http://www.mulesoft.org/schema/mule/core/current/mule.xsd
http://www.mulesoft.org/schema/mule/ee/core http://www.mulesoft.org/schema/mule/ee/core/current/mule-ee.xsd
http://www.mulesoft.org/schema/mule/file http://www.mulesoft.org/schema/mule/file/current/mule-file.xsd">

	<http:listener-config name="customerdetailapi-httpListenerConfig"
		host="0.0.0.0" port="8081" doc:name="HTTP Listener Configuration" />
	<apikit:config name="customerdetailapi-config" raml="customerdetailapi.raml"
		consoleEnabled="false" doc:name="Router" />

	<context:property-placeholder location="mule-app.properties" />

	<spring:beans>
		<spring:bean id="datasource" name="datasource"
			class="org.h2.jdbcx.JdbcDataSource">
			<spring:property name="URL" value="${url}" />
			<spring:property name="user" value="${username}" />
			<spring:property name="password" value="${password}" />
		</spring:bean>
	</spring:beans>

	<db:generic-config name="H2_Configuration"
		dataSource-ref="datasource" doc:name="Generic Database Configuration" />

	<ee:object-store-caching-strategy
		name="customerdetailapi-cachingStrategy" doc:name="Caching Strategy">
	</ee:object-store-caching-strategy>
	
	<file:connector name="File" outputPattern="${filename}"
		writeToDirectory="${filepath}" autoDelete="true" 
		streaming="true" validateConnections="true" doc:name="File" />
	<file:connector name="File1" outputPattern="${filename1}"
		writeToDirectory="${filepath}" autoDelete="true" 
		streaming="true" validateConnections="true" doc:name="File" />
	<file:connector name="File2" outputPattern="${filename2}"
		writeToDirectory="${filepath}" autoDelete="true" 
		streaming="true" validateConnections="true" doc:name="File" />

	<flow name="customerdetailapi-main">
		<http:listener config-ref="customerdetailapi-httpListenerConfig"
			path="/customerdetailapi/*" doc:name="HTTP" />
		<apikit:router config-ref="customerdetailapi-config"
			doc:name="APIkit Router" />
	</flow>

	<flow name="customerdetailapi-console">
		<http:listener config-ref="customerdetailapi-httpListenerConfig"
			path="/console/*" doc:name="HTTP" />
		<apikit:console config-ref="customerdetailapi-config"
			doc:name="APIkit Console" />
	</flow>

	<flow name="get:/customers:customerdetailapi-config">
		<db:select config-ref="H2_Configuration" doc:name="Get Customers">
			<db:parameterized-query><![CDATA[SELECT * FROM CUSTOMER LIMIT #[Integer.parseInt(message.inboundProperties.'http.query.params'.start)],#[Integer.parseInt(message.inboundProperties.'http.query.params'.count)];]]></db:parameterized-query>
		</db:select>
		<component class="com.customerdetailapi.handler.CustomerDetailApiGetHandler"
			doc:name="Customers Get Handler" />
		<json:object-to-json-transformer
			doc:name="Object to JSON" />
		<file:outbound-endpoint path="${filepath}"
			outputPattern="${filename}" connector-ref="File" responseTimeout="10000"
			doc:name="File" />
	</flow>

	<flow name="get:/{customerId}:customerdetailapi-config">
		<logger message="Get customers by id #[flowVars.customerId]"
			level="INFO" doc:name="Logger" />
		<db:select config-ref="H2_Configuration" doc:name="Get Customer by Id">
			<db:parameterized-query><![CDATA[SELECT * FROM CUSTOMER WHERE ID = #[flowVars.customerId]]]></db:parameterized-query>
		</db:select>
		<component class="com.customerdetailapi.handler.CustomerDetailApiGetHandler"
			doc:name="Customers Get Handler" />
		<json:object-to-json-transformer
			doc:name="Object to JSON" />
		<file:outbound-endpoint responseTimeout="10000"
			doc:name="File" connector-ref="File1" outputPattern="${filename1}"
			path="${filepath}" />
	</flow>

	<flow
		name="get:/customersForAPostcode{customerPostcode}:customerdetailapi-config">
		<logger message="Query parameter postcode = #[flowVars.customerPostcode]"
			level="INFO" doc:name="Logger" />
		<set-variable variableName="postcode" value="#[flowVars.customerPostcode]"
			doc:name="Variable" />
		<flow-ref name="customerdetailapi-caching-sub" doc:name="Caching-sub" />
		<logger level="INFO" doc:name="Logger" message="payload - #[payload]" />
		<component class="com.customerdetailapi.handler.CustomerDetailApiGetHandler"
			doc:name="Customers Get Handler" />
		<json:object-to-json-transformer
			doc:name="Object to JSON" />
		<file:outbound-endpoint path="${filepath}"
			outputPattern="${filename2}" connector-ref="File2" responseTimeout="10000"
			doc:name="File" />
	</flow>

	<sub-flow name="customerdetailapi-caching-sub">
		<ee:cache doc:name="Cache" cachingStrategy-ref="customerdetailapi-cachingStrategy" filterExpression="#[groovy:message.getInboundProperty('nocache') == null]">
			<logger message="SubFlow - variable postcode = #[flowVars.customerPostcode]"
				level="INFO" doc:name="Logger" />
			<db:select config-ref="H2_Configuration" doc:name="Database">
				<db:parameterized-query><![CDATA[select * from customer where postcode = #[flowVars.postcode]]]></db:parameterized-query>
			</db:select>
			<logger level="INFO" doc:name="Logger"
				message="SubFlow - DB query excuted and cached" />
		</ee:cache>
	</sub-flow>

	<apikit:mapping-exception-strategy
		name="customerdetailapi-apiKitGlobalExceptionMapping">
		<apikit:mapping statusCode="404">
			<apikit:exception
				value="org.mule.module.apikit.exception.NotFoundException" />
			<set-property propertyName="Content-Type" value="application/json"
				doc:name="Property" />
			<set-payload
				value="{ &quot;message&quot;: &quot;Resource not found&quot; }"
				doc:name="Set Payload" />
		</apikit:mapping>
		<apikit:mapping statusCode="405">
			<apikit:exception
				value="org.mule.module.apikit.exception.MethodNotAllowedException" />
			<set-property propertyName="Content-Type" value="application/json"
				doc:name="Property" />
			<set-payload
				value="{ &quot;message&quot;: &quot;Method not allowed&quot; }"
				doc:name="Set Payload" />
		</apikit:mapping>
		<apikit:mapping statusCode="415">
			<apikit:exception
				value="org.mule.module.apikit.exception.UnsupportedMediaTypeException" />
			<set-property propertyName="Content-Type" value="application/json"
				doc:name="Property" />
			<set-payload
				value="{ &quot;message&quot;: &quot;Unsupported media type&quot; }"
				doc:name="Set Payload" />
		</apikit:mapping>
		<apikit:mapping statusCode="406">
			<apikit:exception
				value="org.mule.module.apikit.exception.NotAcceptableException" />
			<set-property propertyName="Content-Type" value="application/json"
				doc:name="Property" />
			<set-payload value="{ &quot;message&quot;: &quot;Not acceptable&quot; }"
				doc:name="Set Payload" />
		</apikit:mapping>
		<apikit:mapping statusCode="400">
			<apikit:exception
				value="org.mule.module.apikit.exception.BadRequestException" />
			<set-property propertyName="Content-Type" value="application/json"
				doc:name="Property" />
			<set-payload value="{ &quot;message&quot;: &quot;Bad request&quot; }"
				doc:name="Set Payload" />
		</apikit:mapping>
	</apikit:mapping-exception-strategy>

	<catch-exception-strategy name="customerdetailapi-ExceptionHandling" enableNotifications="true"/>
</mule>
